{
   "file_counts" : 12,
   "file_list" : [
      {
         "file_describe_code" : 0,
         "file_name" : "Drone Flight Controller-B_Cu.gbr",
         "layer_name" : "bl"
      },
      {
         "file_describe_code" : 0,
         "file_name" : "Drone Flight Controller-B_Mask.gbr",
         "layer_name" : "bs"
      },
      {
         "file_describe_code" : 0,
         "file_name" : "Drone Flight Controller-B_Paste.gbr",
         "layer_name" : "bp"
      },
      {
         "file_describe_code" : 0,
         "file_name" : "Drone Flight Controller-B_Silkscreen.gbr",
         "layer_name" : "bo"
      },
      {
         "file_describe_code" : 2,
         "file_name" : "Drone Flight Controller-Edge_Cuts.gbr",
         "layer_name" : "gko"
      },
      {
         "file_describe_code" : 0,
         "file_name" : "Drone Flight Controller-F_Cu.gbr",
         "layer_name" : "tl"
      },
      {
         "file_describe_code" : 0,
         "file_name" : "Drone Flight Controller-F_Mask.gbr",
         "layer_name" : "ts"
      },
      {
         "file_describe_code" : 0,
         "file_name" : "Drone Flight Controller-F_Paste.gbr",
         "layer_name" : "tp"
      },
      {
         "file_describe_code" : 0,
         "file_name" : "Drone Flight Controller-F_Silkscreen.gbr",
         "layer_name" : "to"
      },
      {
         "file_describe_code" : 0,
         "file_name" : "Drone Flight Controller-NPTH.drl",
         "layer_name" : "npth"
      },
      {
         "file_describe_code" : 0,
         "file_name" : "Drone Flight Controller-PTH.drl",
         "layer_name" : "drl"
      },
      {
         "file_describe_code" : 4,
         "file_name" : "Drone Flight Controller-job.gbrjob",
         "layer_name" : "nil"
      }
   ]
}
